<metadata xml:lang="en"><Esri><CreaDate>20140613</CreaDate><CreaTime>15581200</CreaTime><ArcGISFormat>1.0</ArcGISFormat><ArcGISstyle>FGDC CSDGM Metadata</ArcGISstyle><SyncOnce>FALSE</SyncOnce><DataProperties><lineage><Process ToolSource="c:\program files (x86)\arcgis\desktop10.1\ArcToolbox\Toolboxes\Data Management Tools.tbx\DeleteField" Date="20140609" Time="161234" Name="" export="">DeleteField Census_USCntyDetail_TIGER500kx GEO_ID;STATE;LSAD;CENSUSAREA;OBJECTID_1;GEOID10_1;FUNCSTAT10</Process><Process ToolSource="c:\program files (x86)\arcgis\desktop10.1\ArcToolbox\Toolboxes\Data Management Tools.tbx\Project" Date="20140609" Time="163209" Name="" export="">Project Census_USCntyDetail_TIGER500kx_1 X:\Geognet\USLayers2014\US_Boundaries\USBndryFiles.gdb\Census_USCntyDetail_TIGER500k GEOGCS['GCS_WGS_1984',DATUM['D_WGS_1984',SPHEROID['WGS_1984',6378137.0,298.257223563]],PRIMEM['Greenwich',0.0],UNIT['Degree',0.0174532925199433],METADATA['World',-180.0,-90.0,180.0,90.0,0.0,0.0174532925199433,0.0,1262]] WGS_1984_(ITRF00)_To_NAD_1983 GEOGCS['GCS_North_American_1983',DATUM['D_North_American_1983',SPHEROID['GRS_1980',6378137.0,298.257222101]],PRIMEM['Greenwich',0.0],UNIT['Degree',0.0174532925199433],METADATA['North America - NAD83',167.65,14.93,-47.74,86.45,0.0,0.0174532925199433,0.0,1350]]</Process><Process ToolSource="c:\program files (x86)\arcgis\desktop10.1\ArcToolbox\Toolboxes\Data Management Tools.tbx\CalculateField" Date="20140609" Time="164741" Name="" export="">CalculateField Census_USCntyDetail_TIGER500k COUNTY [CNTY_NAME] VB #</Process><Process ToolSource="c:\program files (x86)\arcgis\desktop10.1\ArcToolbox\Toolboxes\Data Management Tools.tbx\DeleteField" Date="20140613" Time="160153" Name="" export="">DeleteField TxCntyBndry_Detail_TIGER500k AGE_5_UNDR;AGE_5_9;AGE_10_14;AGE_15_19;AGE_20_24;AGE_25_29;AGE_30_34;AGE_35_39;AGE_40_44;AGE_45_49;AGE_50_54;AGE_55_59;AGE_60_64;AGE_65_69;AGE_70_74;AGE_75_79;AGE_80_84;AGE_85OVER;MALE_POP;AGE_5UND_M;AGE_5_9M;AGE_10_14M;AGE_15_19M;AGE_20_24M;AGE_25_29M;AGE_30_34M;AGE_35_39M;AGE_40_44M;AGE_45_49M;AGE_50_54M;AGE_55_59M;AGE_60_64M;AGE_65_69M;AGE_70_74M;AGE_75_79M;AGE_80_84M;AGE_85UP_M;FEMALE_POP;AGE_5UND_F;AGE_5_9F;AGE_10_14F;AGE_15_19F;AGE_20_24F;AGE_25_29F;AGE_30_34F;AGE_35_39F;AGE_40_44F;AGE_45_49F;AGE_50_54F;AGE_55_59F;AGE_60_64F;AGE_65_69F;AGE_70_74F;AGE_75_79F;AGE_80_84F;AGE_85UP_F;MED_AGE;MED_AGE_M;MED_AGE_F;AGE_16_UP;M_16_UP;F_16_UP;AGE_18_UP;M_18_UP;F_18_UP;AGE_21_UP;M_21_UP;F_21_UP;AGE_62_UP;M_62_UP;F_62_UP;AGE_65_UP;M_65_UP;F_65_UP;POPONERACE;WHITE;BLACK;AM_IND_AL;ASIAN;AS_INDIAN;CHINESE;FILIPINO;JAPANESE;KOREAN;VIETNAMESE;OTH_ASIAN;HAWAIN_PI;HAWAIIAN;GUAM_CHAM;SAMOAN;OTHER_PI;OTHER_RACE;TWO_RACES;W_AMIND_AL;W_ASIAN;W_AF_AMER;W_OTH_RACE;HIS_OR_LAT;MEXICAN;PUERTO_RIC;CUBAN;OT_HIS_LAT;NO_HIS_LAT;REL_IN_HH;HH_HSEHLDR;HH_SPOUSE;HH_CHILD;HH_OTHREL;HH_NONREL;TOT_HSEHLD;FAM_HSEHLD;FAM_HUSWIF;HH_NOWIFE;HH_NOHUSB;HH_NONFAM;HH_INDU18;HH_INDO64;AVG_HHSIZE;AVG_FAMSIZ;HSE_UNIT;OCC_UNIT;VAC_UNIT;OWNER_VAC;RENTER_VAC;OWNER_OCC;RENTER_OCC</Process><Process ToolSource="c:\program files (x86)\arcgis\desktop10.1\ArcToolbox\Toolboxes\Data Management Tools.tbx\CalculateField" Date="20140625" Time="164445" Name="" export="">CalculateField TxCntyBndry_Detail_TIGER500k NAME_SHORT [COUNTY] VB #</Process><Process ToolSource="c:\program files (x86)\arcgis\desktop10.1\ArcToolbox\Toolboxes\Data Management Tools.tbx\CalculateField" Date="20140625" Time="164519" Name="" export="">CalculateField TxCntyBndry_Detail_TIGER500k NAME_SHORT [COUNTY] VB #</Process><Process ToolSource="c:\program files (x86)\arcgis\desktop10.2\ArcToolbox\Toolboxes\Data Management Tools.tbx\CalculateField" Date="20140808" Time="102655" Name="" export="">CalculateField TxCntyBndry_Detail_TIGER500k CNTY_FIPS Right( [GEOID10],3) VB #</Process><Process ToolSource="c:\program files (x86)\arcgis\desktop10.2\ArcToolbox\Toolboxes\Data Management Tools.tbx\CalculateField" Date="20140808" Time="102751" Name="" export="">CalculateField TxCntyBndry_Detail_TIGER500k Test Right( [GEOID10],3) VB #</Process><Process ToolSource="c:\program files (x86)\arcgis\desktop10.2\ArcToolbox\Toolboxes\Data Management Tools.tbx\CalculateField" Date="20140808" Time="102828" Name="" export="">CalculateField TxCntyBndry_Detail_TIGER500k CNTY_FIPS Right( [GEOID10],3) VB #</Process><Process ToolSource="c:\program files\arcgis\pro\Resources\ArcToolbox\toolboxes\Conversion Tools.tbx\ExportFeatures" Date="20250707" Time="203138">ExportFeatures Tx_CntyBndry_Detail_TIGER500k "C:\Users\uzair.ahmad\Desktop\PAPERS\3 research_dssat_Uvalde\6 GIS\supporting_files\Uvalde_county.shp" # NOT_USE_ALIAS "GEOID10 "GEOID10" true true false 5 Text 0 0,First,#,Tx_CntyBndry_Detail_TIGER500k,GEOID10,0,4;NAME "NAME" true true false 100 Text 0 0,First,#,Tx_CntyBndry_Detail_TIGER500k,NAME,0,99;POP_2010 "POP_2010" true true false 9 Long 0 9,First,#,Tx_CntyBndry_Detail_TIGER500k,POP_2010,-1,-1;AREA_SQKM "AREA_SQKM" true true false 19 Double 0 0,First,#,Tx_CntyBndry_Detail_TIGER500k,AREA_SQKM,-1,-1;AREA_SQMI "AREA_SQMI" true true false 19 Double 0 0,First,#,Tx_CntyBndry_Detail_TIGER500k,AREA_SQMI,-1,-1;LAND_SQKM "LAND_SQKM" true true false 19 Double 0 0,First,#,Tx_CntyBndry_Detail_TIGER500k,LAND_SQKM,-1,-1;WATER_SQKM "WATER_SQKM" true true false 19 Double 0 0,First,#,Tx_CntyBndry_Detail_TIGER500k,WATER_SQKM,-1,-1;LAND_SQMI "LAND_SQMI" true true false 19 Double 0 0,First,#,Tx_CntyBndry_Detail_TIGER500k,LAND_SQMI,-1,-1;WATER_SQMI "WATER_SQMI" true true false 19 Double 0 0,First,#,Tx_CntyBndry_Detail_TIGER500k,WATER_SQMI,-1,-1;STATE_NAME "STATE_NAME" true true false 25 Text 0 0,First,#,Tx_CntyBndry_Detail_TIGER500k,STATE_NAME,0,24;STATE_ABBR "STATE_ABBR" true true false 2 Text 0 0,First,#,Tx_CntyBndry_Detail_TIGER500k,STATE_ABBR,0,1;STATEFIPS "STATEFIPS" true true false 2 Text 0 0,First,#,Tx_CntyBndry_Detail_TIGER500k,STATEFIPS,0,1;COUNTY "COUNTY" true true false 25 Text 0 0,First,#,Tx_CntyBndry_Detail_TIGER500k,COUNTY,0,24;Shape_Leng "Shape_Leng" true true false 19 Double 0 0,First,#,Tx_CntyBndry_Detail_TIGER500k,Shape_Leng,-1,-1;Shape_Area "Shape_Area" true true false 19 Double 0 0,First,#,Tx_CntyBndry_Detail_TIGER500k,Shape_Area,-1,-1;CNTY_FIPS "CNTY_FIPS" true true false 3 Text 0 0,First,#,Tx_CntyBndry_Detail_TIGER500k,CNTY_FIPS,0,2" #</Process></lineage><itemProps><itemLocation><linkage Sync="TRUE">file://\\UVC-93XSM-D\C$\Users\uzair.ahmad\Desktop\PAPERS\3 research_dssat_Uvalde\6 GIS\supporting_files\Uvalde_county.shp</linkage><protocol Sync="TRUE">Local Area Network</protocol></itemLocation><itemName Sync="TRUE">Uvalde_county</itemName><imsContentType Sync="TRUE">002</imsContentType><nativeExtBox><westBL Sync="TRUE">-106.645656</westBL><eastBL Sync="TRUE">-93.516414</eastBL><southBL Sync="TRUE">25.837381</southBL><northBL Sync="TRUE">36.500710</northBL><exTypeCode Sync="TRUE">1</exTypeCode></nativeExtBox><itemSize Sync="TRUE">0.000</itemSize></itemProps><coordRef><type Sync="TRUE">Geographic</type><geogcsn Sync="TRUE">GCS_WGS_1984</geogcsn><csUnits Sync="TRUE">Angular Unit: Degree (0.017453)</csUnits><peXml Sync="TRUE">&lt;GeographicCoordinateSystem xsi:type='typens:GeographicCoordinateSystem' xmlns:xsi='http://www.w3.org/2001/XMLSchema-instance' xmlns:xs='http://www.w3.org/2001/XMLSchema' xmlns:typens='http://www.esri.com/schemas/ArcGIS/3.4.0'&gt;&lt;WKT&gt;GEOGCS[&amp;quot;GCS_WGS_1984&amp;quot;,DATUM[&amp;quot;D_WGS_1984&amp;quot;,SPHEROID[&amp;quot;WGS_1984&amp;quot;,6378137.0,298.257223563]],PRIMEM[&amp;quot;Greenwich&amp;quot;,0.0],UNIT[&amp;quot;Degree&amp;quot;,0.0174532925199433],AUTHORITY[&amp;quot;EPSG&amp;quot;,4326]]&lt;/WKT&gt;&lt;XOrigin&gt;-400&lt;/XOrigin&gt;&lt;YOrigin&gt;-400&lt;/YOrigin&gt;&lt;XYScale&gt;11258999068426.238&lt;/XYScale&gt;&lt;ZOrigin&gt;-100000&lt;/ZOrigin&gt;&lt;ZScale&gt;10000&lt;/ZScale&gt;&lt;MOrigin&gt;-100000&lt;/MOrigin&gt;&lt;MScale&gt;10000&lt;/MScale&gt;&lt;XYTolerance&gt;8.983152841195215e-09&lt;/XYTolerance&gt;&lt;ZTolerance&gt;0.001&lt;/ZTolerance&gt;&lt;MTolerance&gt;0.001&lt;/MTolerance&gt;&lt;HighPrecision&gt;true&lt;/HighPrecision&gt;&lt;LeftLongitude&gt;-180&lt;/LeftLongitude&gt;&lt;WKID&gt;4326&lt;/WKID&gt;&lt;LatestWKID&gt;4326&lt;/LatestWKID&gt;&lt;/GeographicCoordinateSystem&gt;</peXml></coordRef></DataProperties><SyncDate>20250707</SyncDate><SyncTime>20313800</SyncTime><ModDate>20250707</ModDate><ModTime>20313800</ModTime><scaleRange><minScale>150000000</minScale><maxScale>5000</maxScale></scaleRange><ArcGISProfile>ItemDescription</ArcGISProfile></Esri><dataIdInfo><envirDesc Sync="TRUE">Microsoft Windows 10 Version 10.0 (Build 26100) ; Esri ArcGIS 13.4.0.55405</envirDesc><dataLang><languageCode value="eng" Sync="TRUE"/><countryCode value="USA" Sync="TRUE"/></dataLang><idCitation><resTitle Sync="TRUE">Uvalde_county</resTitle><presForm><PresFormCd value="005" Sync="TRUE"/></presForm></idCitation><spatRpType><SpatRepTypCd value="001" Sync="TRUE"/></spatRpType><dataExt><geoEle xmlns=""><GeoBndBox esriExtentType="search"><exTypeCode Sync="TRUE">1</exTypeCode><westBL Sync="TRUE">-106.645656</westBL><eastBL Sync="TRUE">-93.516414</eastBL><northBL Sync="TRUE">36.500710</northBL><southBL Sync="TRUE">25.837381</southBL></GeoBndBox></geoEle></dataExt><idPurp>This layer contains a detailed boundary of Texas with county boundaries. This polygon file was designed for medium scale thematic mapping and analysis.
</idPurp><idAbs>&lt;DIV STYLE="text-align:Left;"&gt;&lt;DIV&gt;&lt;DIV&gt;&lt;P&gt;&lt;SPAN&gt;The spatial data originated from the US Census Bureau and are current as of 2010. The Texas county boundaries were exported from the Census US county 1:500,000 data and the census attributes were deleted. Attributes were further modified to include only county name, state abbreviation, population, area information, and FIPS code information. The coordinate system of this data is WGS 1984.&lt;/SPAN&gt;&lt;/P&gt;&lt;P /&gt;&lt;/DIV&gt;&lt;/DIV&gt;&lt;/DIV&gt;</idAbs><searchKeys><keyword>Texas</keyword><keyword>Boundary</keyword><keyword>Counties</keyword></searchKeys><idCredit>Center for Geospatial Technology, Texas Tech University
US Census Bureau</idCredit></dataIdInfo><mdLang><languageCode value="eng" Sync="TRUE"/><countryCode value="USA" Sync="TRUE"/></mdLang><distInfo><distFormat><formatName Sync="TRUE">Shapefile</formatName></distFormat><distTranOps><transSize Sync="TRUE">0.000</transSize></distTranOps></distInfo><mdHrLv><ScopeCd value="005" Sync="TRUE"/></mdHrLv><mdHrLvName Sync="TRUE">dataset</mdHrLvName><refSysInfo><RefSystem><refSysID><identCode code="4326" Sync="TRUE"/><idCodeSpace Sync="TRUE">EPSG</idCodeSpace><idVersion Sync="TRUE">6.2(3.0.1)</idVersion></refSysID></RefSystem></refSysInfo><spatRepInfo><VectSpatRep><geometObjs Name="Uvalde_county"><geoObjTyp><GeoObjTypCd value="002" Sync="TRUE"></GeoObjTypCd></geoObjTyp><geoObjCnt Sync="TRUE">0</geoObjCnt></geometObjs><topLvl><TopoLevCd value="001" Sync="TRUE"></TopoLevCd></topLvl></VectSpatRep></spatRepInfo><spdoinfo><ptvctinf><esriterm Name="Uvalde_county"><efeatyp Sync="TRUE">Simple</efeatyp><efeageom code="4" Sync="TRUE"></efeageom><esritopo Sync="TRUE">FALSE</esritopo><efeacnt Sync="TRUE">0</efeacnt><spindex Sync="TRUE">FALSE</spindex><linrefer Sync="TRUE">FALSE</linrefer></esriterm></ptvctinf></spdoinfo><eainfo><detailed Name="Uvalde_county"><enttyp><enttypl Sync="TRUE">Uvalde_county</enttypl><enttypt Sync="TRUE">Feature Class</enttypt><enttypc Sync="TRUE">0</enttypc></enttyp><attr><attrlabl Sync="TRUE">FID</attrlabl><attalias Sync="TRUE">FID</attalias><attrtype Sync="TRUE">OID</attrtype><attwidth Sync="TRUE">4</attwidth><atprecis Sync="TRUE">0</atprecis><attscale Sync="TRUE">0</attscale><attrdef Sync="TRUE">Internal feature number.</attrdef><attrdefs Sync="TRUE">Esri</attrdefs><attrdomv><udom Sync="TRUE">Sequential unique whole numbers that are automatically generated.</udom></attrdomv></attr><attr><attrlabl Sync="TRUE">Shape</attrlabl><attalias Sync="TRUE">Shape</attalias><attrtype Sync="TRUE">Geometry</attrtype><attwidth Sync="TRUE">0</attwidth><atprecis Sync="TRUE">0</atprecis><attscale Sync="TRUE">0</attscale><attrdef Sync="TRUE">Feature geometry.</attrdef><attrdefs Sync="TRUE">Esri</attrdefs><attrdomv><udom Sync="TRUE">Coordinates defining the features.</udom></attrdomv></attr><attr><attrlabl Sync="TRUE">GEOID10</attrlabl><attalias Sync="TRUE">GEOID10</attalias><attrtype Sync="TRUE">String</attrtype><attwidth Sync="TRUE">5</attwidth><atprecis Sync="TRUE">0</atprecis><attscale Sync="TRUE">0</attscale></attr><attr><attrlabl Sync="TRUE">NAME</attrlabl><attalias Sync="TRUE">NAME</attalias><attrtype Sync="TRUE">String</attrtype><attwidth Sync="TRUE">100</attwidth><atprecis Sync="TRUE">0</atprecis><attscale Sync="TRUE">0</attscale></attr><attr><attrlabl Sync="TRUE">POP_2010</attrlabl><attalias Sync="TRUE">POP_2010</attalias><attrtype Sync="TRUE">Integer</attrtype><attwidth Sync="TRUE">9</attwidth><atprecis Sync="TRUE">9</atprecis><attscale Sync="TRUE">0</attscale></attr><attr><attrlabl Sync="TRUE">AREA_SQKM</attrlabl><attalias Sync="TRUE">AREA_SQKM</attalias><attrtype Sync="TRUE">Double</attrtype><attwidth Sync="TRUE">19</attwidth><atprecis Sync="TRUE">0</atprecis><attscale Sync="TRUE">0</attscale></attr><attr><attrlabl Sync="TRUE">AREA_SQMI</attrlabl><attalias Sync="TRUE">AREA_SQMI</attalias><attrtype Sync="TRUE">Double</attrtype><attwidth Sync="TRUE">19</attwidth><atprecis Sync="TRUE">0</atprecis><attscale Sync="TRUE">0</attscale></attr><attr><attrlabl Sync="TRUE">LAND_SQKM</attrlabl><attalias Sync="TRUE">LAND_SQKM</attalias><attrtype Sync="TRUE">Double</attrtype><attwidth Sync="TRUE">19</attwidth><atprecis Sync="TRUE">0</atprecis><attscale Sync="TRUE">0</attscale></attr><attr><attrlabl Sync="TRUE">WATER_SQKM</attrlabl><attalias Sync="TRUE">WATER_SQKM</attalias><attrtype Sync="TRUE">Double</attrtype><attwidth Sync="TRUE">19</attwidth><atprecis Sync="TRUE">0</atprecis><attscale Sync="TRUE">0</attscale></attr><attr><attrlabl Sync="TRUE">LAND_SQMI</attrlabl><attalias Sync="TRUE">LAND_SQMI</attalias><attrtype Sync="TRUE">Double</attrtype><attwidth Sync="TRUE">19</attwidth><atprecis Sync="TRUE">0</atprecis><attscale Sync="TRUE">0</attscale></attr><attr><attrlabl Sync="TRUE">WATER_SQMI</attrlabl><attalias Sync="TRUE">WATER_SQMI</attalias><attrtype Sync="TRUE">Double</attrtype><attwidth Sync="TRUE">19</attwidth><atprecis Sync="TRUE">0</atprecis><attscale Sync="TRUE">0</attscale></attr><attr><attrlabl Sync="TRUE">STATE_NAME</attrlabl><attalias Sync="TRUE">STATE_NAME</attalias><attrtype Sync="TRUE">String</attrtype><attwidth Sync="TRUE">25</attwidth><atprecis Sync="TRUE">0</atprecis><attscale Sync="TRUE">0</attscale></attr><attr><attrlabl Sync="TRUE">STATE_ABBR</attrlabl><attalias Sync="TRUE">STATE_ABBR</attalias><attrtype Sync="TRUE">String</attrtype><attwidth Sync="TRUE">2</attwidth><atprecis Sync="TRUE">0</atprecis><attscale Sync="TRUE">0</attscale></attr><attr><attrlabl Sync="TRUE">STATEFIPS</attrlabl><attalias Sync="TRUE">STATEFIPS</attalias><attrtype Sync="TRUE">String</attrtype><attwidth Sync="TRUE">2</attwidth><atprecis Sync="TRUE">0</atprecis><attscale Sync="TRUE">0</attscale></attr><attr><attrlabl Sync="TRUE">COUNTY</attrlabl><attalias Sync="TRUE">COUNTY</attalias><attrtype Sync="TRUE">String</attrtype><attwidth Sync="TRUE">25</attwidth><atprecis Sync="TRUE">0</atprecis><attscale Sync="TRUE">0</attscale></attr><attr><attrlabl Sync="TRUE">Shape_Leng</attrlabl><attalias Sync="TRUE">Shape_Leng</attalias><attrtype Sync="TRUE">Double</attrtype><attwidth Sync="TRUE">19</attwidth><atprecis Sync="TRUE">0</atprecis><attscale Sync="TRUE">0</attscale></attr><attr><attrlabl Sync="TRUE">Shape_Area</attrlabl><attalias Sync="TRUE">Shape_Area</attalias><attrtype Sync="TRUE">Double</attrtype><attwidth Sync="TRUE">19</attwidth><atprecis Sync="TRUE">0</atprecis><attscale Sync="TRUE">0</attscale><attrdef Sync="TRUE">Area of feature in internal units squared.</attrdef><attrdefs Sync="TRUE">Esri</attrdefs><attrdomv><udom Sync="TRUE">Positive real numbers that are automatically generated.</udom></attrdomv></attr><attr><attrlabl Sync="TRUE">CNTY_FIPS</attrlabl><attalias Sync="TRUE">CNTY_FIPS</attalias><attrtype Sync="TRUE">String</attrtype><attwidth Sync="TRUE">3</attwidth><atprecis Sync="TRUE">0</atprecis><attscale Sync="TRUE">0</attscale></attr></detailed></eainfo><mdDateSt Sync="TRUE">20250707</mdDateSt></metadata>
